{
  "disease": "diabetes",
  "label_policy": "screening_risk",
  "feature_set": "x1_service_runtime",
  "data_version": "x1_service_runtime_diabetes_hn13_24_screening",
  "rows": 86346,
  "positive_count": 37818,
  "negative_count": 48528,
  "positive_rate": 0.4379820721284136,
  "service_policy_allowed": false,
  "threshold_metrics": {
    "threshold": 0.4,
    "precision": 0.6446569222931933,
    "recall": 0.8700089904278386,
    "f1": 0.7405690105338976,
    "f2": 0.8131580248134052,
    "roc_auc": 0.8233161815717868,
    "pr_auc": 0.7487587749656953,
    "brier": 0.17124465902675798,
    "ece": 0.04127387255129175,
    "tn": 30392,
    "fp": 18136,
    "fn": 4916,
    "tp": 32902
  },
  "threshold_0_5_metrics": {
    "threshold": 0.5,
    "precision": 0.6717067333840966,
    "recall": 0.8164101750489186,
    "f1": 0.7370230237637707,
    "f2": 0.7826878324046705,
    "roc_auc": 0.8233161815717868,
    "pr_auc": 0.7487587749656953,
    "brier": 0.17124465902675798,
    "ece": 0.04127387255129175,
    "tn": 33438,
    "fp": 15090,
    "fn": 6943,
    "tp": 30875
  },
  "gray_zone_metrics": {
    "low_threshold": 0.35,
    "high_threshold": 0.65,
    "low_rate": 0.3771106941838649,
    "gray_rate": 0.23038704746021818,
    "high_rate": 0.3925022583559169,
    "low_npv": 0.8765739205208525,
    "high_precision": 0.7263285237968782,
    "high_recall": 0.6509069755143053,
    "gray_positive_rate": 0.46161966520886744
  },
  "folds": [
    {
      "fold": 1,
      "threshold": 0.4,
      "precision": 0.6478388998035364,
      "recall": 0.8718931782125859,
      "f1": 0.7433498647430117,
      "f2": 0.8154862004154714,
      "roc_auc": 0.8262918023633591,
      "pr_auc": 0.7490212429992068,
      "brier": 0.16970978580556526,
      "ece": 0.040119673371373614,
      "tn": 6121,
      "fp": 3585,
      "fn": 969,
      "tp": 6595
    },
    {
      "fold": 2,
      "threshold": 0.4,
      "precision": 0.6428221460068594,
      "recall": 0.8673806690466745,
      "f1": 0.7384061233678523,
      "f2": 0.8107373260498801,
      "roc_auc": 0.8205157384066296,
      "pr_auc": 0.7462033826209395,
      "brier": 0.1728138238646891,
      "ece": 0.04368240477827347,
      "tn": 6061,
      "fp": 3645,
      "fn": 1003,
      "tp": 6560
    },
    {
      "fold": 3,
      "threshold": 0.4,
      "precision": 0.6456068175139583,
      "recall": 0.871479571598572,
      "f1": 0.7417285617825793,
      "f2": 0.8144880255060428,
      "roc_auc": 0.8230450179070027,
      "pr_auc": 0.7509206784758553,
      "brier": 0.1712425932198944,
      "ece": 0.041751888833566425,
      "tn": 6088,
      "fp": 3618,
      "fn": 972,
      "tp": 6591
    },
    {
      "fold": 4,
      "threshold": 0.4,
      "precision": 0.6445729973526816,
      "recall": 0.8691168693812797,
      "f1": 0.7401902831728875,
      "f2": 0.8125077246323075,
      "roc_auc": 0.8239214618119779,
      "pr_auc": 0.7498586407642521,
      "brier": 0.1708500317346943,
      "ece": 0.03994523481243161,
      "tn": 6080,
      "fp": 3625,
      "fn": 990,
      "tp": 6574
    },
    {
      "fold": 5,
      "threshold": 0.4,
      "precision": 0.6424597364568082,
      "recall": 0.870174510840825,
      "f1": 0.7391768207086304,
      "f2": 0.8125725290733562,
      "roc_auc": 0.8229159123274623,
      "pr_auc": 0.749073240782708,
      "brier": 0.17160714938920765,
      "ece": 0.04098026863294743,
      "tn": 6042,
      "fp": 3663,
      "fn": 982,
      "tp": 6582
    }
  ],
  "feature_importance": [
    {
      "feature": "나이",
      "importance": 37.8639656342515
    },
    {
      "feature": "BMI",
      "importance": 10.997928994798956
    },
    {
      "feature": "고지혈증가족력_부",
      "importance": 10.110618430561816
    },
    {
      "feature": "당뇨가족력_부",
      "importance": 8.282907607923544
    },
    {
      "feature": "키",
      "importance": 7.656104158043486
    },
    {
      "feature": "체중",
      "importance": 6.590092561106661
    },
    {
      "feature": "고혈압가족력_부",
      "importance": 6.168397207470572
    },
    {
      "feature": "성별",
      "importance": 2.248850169017166
    },
    {
      "feature": "음주빈도",
      "importance": 1.803012770193193
    },
    {
      "feature": "음주량",
      "importance": 1.5541391463672247
    },
    {
      "feature": "근력운동일수",
      "importance": 1.5157739554924177
    },
    {
      "feature": "현재흡연",
      "importance": 1.4620844495990852
    },
    {
      "feature": "걷기일수",
      "importance": 1.0187919951606017
    },
    {
      "feature": "직업_관리전문",
      "importance": 0.67340644282908
    },
    {
      "feature": "직업_무직",
      "importance": 0.4892993110734983
    },
    {
      "feature": "직업_사무",
      "importance": 0.41856228105418314
    },
    {
      "feature": "직업_기능노무",
      "importance": 0.362792330885213
    },
    {
      "feature": "직업_주부학생",
      "importance": 0.28093874470784597
    },
    {
      "feature": "직업_서비스판매",
      "importance": 0.25753536849636827
    },
    {
      "feature": "직업_농림어업",
      "importance": 0.21805206185183437
    },
    {
      "feature": "직업_작업미상",
      "importance": 0.02674637911576696
    },
    {
      "feature": "고혈압가족력_모",
      "importance": 0.0
    },
    {
      "feature": "고혈압가족력_형제",
      "importance": 0.0
    },
    {
      "feature": "고지혈증가족력_모",
      "importance": 0.0
    },
    {
      "feature": "고지혈증가족력_형제",
      "importance": 0.0
    },
    {
      "feature": "당뇨가족력_모",
      "importance": 0.0
    },
    {
      "feature": "당뇨가족력_형제",
      "importance": 0.0
    }
  ],
  "duration_sec": 13.8009
}