{
  "strategy": "recall_min_f1",
  "threshold": 0.44,
  "recall_min": 0.87,
  "oof_f1": 0.6996351316132395,
  "oof_recall": 0.8751426242868786,
  "oof_precision": 0.5827634863779442
}