{
  "disease": "dyslipidemia",
  "label_policy": "dyslipidemia_screening_v2",
  "feature_set": "x1_service_runtime",
  "data_version": "x1_service_runtime_dyslipidemia_hn13_24_screening_v2",
  "rows": 86347,
  "positive_count": 39365,
  "negative_count": 46982,
  "positive_rate": 0.4558930825622199,
  "service_policy_allowed": false,
  "threshold_metrics": {
    "threshold": 0.45,
    "precision": 0.6579464836520666,
    "recall": 0.8669884415089547,
    "f1": 0.7481394609643017,
    "f2": 0.8151883133013587,
    "roc_auc": 0.8168490406072481,
    "pr_auc": 0.7499623117540052,
    "brier": 0.17305236243746216,
    "ece": 0.029865681739482952,
    "tn": 29239,
    "fp": 17743,
    "fn": 5236,
    "tp": 34129
  },
  "threshold_0_5_metrics": {
    "threshold": 0.5,
    "precision": 0.6734504706778998,
    "recall": 0.8305347389813286,
    "f1": 0.7437892437892438,
    "f2": 0.7935167251598246,
    "roc_auc": 0.8168490406072481,
    "pr_auc": 0.7499623117540052,
    "brier": 0.17305236243746216,
    "ece": 0.029865681739482952,
    "tn": 31129,
    "fp": 15853,
    "fn": 6671,
    "tp": 32694
  },
  "gray_zone_metrics": {
    "low_threshold": 0.35,
    "high_threshold": 0.65,
    "low_rate": 0.3333178917623079,
    "gray_rate": 0.26921607004296616,
    "high_rate": 0.3974660381947259,
    "low_npv": 0.8887113025954623,
    "high_precision": 0.7279137529137529,
    "high_recall": 0.6346246665819891,
    "gray_positive_rate": 0.4809429579282457
  },
  "folds": [
    {
      "fold": 1,
      "threshold": 0.45,
      "precision": 0.6605789780454634,
      "recall": 0.8637114187730217,
      "f1": 0.7486101172455552,
      "f2": 0.8136696501220505,
      "roc_auc": 0.8142747006893419,
      "pr_auc": 0.7430724199670701,
      "brier": 0.17384400330653335,
      "ece": 0.029948389665379892,
      "tn": 5903,
      "fp": 3494,
      "fn": 1073,
      "tp": 6800
    },
    {
      "fold": 2,
      "threshold": 0.45,
      "precision": 0.6612529002320185,
      "recall": 0.8687920741775689,
      "f1": 0.750946917714223,
      "f2": 0.8174777703413328,
      "roc_auc": 0.8192727285359238,
      "pr_auc": 0.7524834162739079,
      "brier": 0.17137640135456017,
      "ece": 0.029919818008133623,
      "tn": 5893,
      "fp": 3504,
      "fn": 1033,
      "tp": 6840
    },
    {
      "fold": 3,
      "threshold": 0.45,
      "precision": 0.6582592911053788,
      "recall": 0.8751428934332529,
      "f1": 0.7513631406761178,
      "f2": 0.8210395862627803,
      "roc_auc": 0.8214742733421806,
      "pr_auc": 0.758329327803062,
      "brier": 0.1714890315771108,
      "ece": 0.029849405223875306,
      "tn": 5819,
      "fp": 3577,
      "fn": 983,
      "tp": 6890
    },
    {
      "fold": 4,
      "threshold": 0.45,
      "precision": 0.6516271479312662,
      "recall": 0.8621872221516576,
      "f1": 0.7422635319846911,
      "f2": 0.8098499129065356,
      "roc_auc": 0.8158277556161492,
      "pr_auc": 0.7506224993310415,
      "brier": 0.17406874033502967,
      "ece": 0.030229170065372284,
      "tn": 5767,
      "fp": 3629,
      "fn": 1085,
      "tp": 6788
    },
    {
      "fold": 5,
      "threshold": 0.45,
      "precision": 0.6580676328502415,
      "recall": 0.8651085990092722,
      "f1": 0.7475168742797563,
      "f2": 0.8138951292959228,
      "roc_auc": 0.813764976267294,
      "pr_auc": 0.7468179828023322,
      "brier": 0.17448368682261317,
      "ece": 0.029556314847930785,
      "tn": 5857,
      "fp": 3539,
      "fn": 1062,
      "tp": 6811
    }
  ],
  "feature_importance": [
    {
      "feature": "나이",
      "importance": 29.426574410417906
    },
    {
      "feature": "BMI",
      "importance": 16.778052297003775
    },
    {
      "feature": "키",
      "importance": 11.868474527012747
    },
    {
      "feature": "고지혈증가족력_부",
      "importance": 7.476718486247227
    },
    {
      "feature": "체중",
      "importance": 6.623575628854266
    },
    {
      "feature": "당뇨가족력_부",
      "importance": 5.650144694233699
    },
    {
      "feature": "성별",
      "importance": 5.585302044397303
    },
    {
      "feature": "고혈압가족력_부",
      "importance": 3.8358569267332676
    },
    {
      "feature": "근력운동일수",
      "importance": 2.749975664504476
    },
    {
      "feature": "현재흡연",
      "importance": 2.2430296121962785
    },
    {
      "feature": "음주빈도",
      "importance": 2.1984134014349612
    },
    {
      "feature": "걷기일수",
      "importance": 1.6239876369009956
    },
    {
      "feature": "음주량",
      "importance": 1.2467815685876125
    },
    {
      "feature": "직업_무직",
      "importance": 0.9396097144888553
    },
    {
      "feature": "직업_관리전문",
      "importance": 0.366983773283624
    },
    {
      "feature": "직업_기능노무",
      "importance": 0.3313912068149447
    },
    {
      "feature": "직업_주부학생",
      "importance": 0.31796137061256735
    },
    {
      "feature": "직업_서비스판매",
      "importance": 0.25100451515009
    },
    {
      "feature": "직업_사무",
      "importance": 0.24393869547285235
    },
    {
      "feature": "직업_농림어업",
      "importance": 0.23563193769567228
    },
    {
      "feature": "직업_작업미상",
      "importance": 0.006591887956890833
    },
    {
      "feature": "고혈압가족력_모",
      "importance": 0.0
    },
    {
      "feature": "고혈압가족력_형제",
      "importance": 0.0
    },
    {
      "feature": "고지혈증가족력_모",
      "importance": 0.0
    },
    {
      "feature": "고지혈증가족력_형제",
      "importance": 0.0
    },
    {
      "feature": "당뇨가족력_모",
      "importance": 0.0
    },
    {
      "feature": "당뇨가족력_형제",
      "importance": 0.0
    }
  ],
  "duration_sec": 14.709
}