iterations,learning_rate,depth,l2_leaf_reg,bagging_temperature,random_strength,border_count
899,0.07751106059121869,4,4.326173555866765,0.6424222998382222,0.017824706823968917,69
