iterations,learning_rate,depth,l2_leaf_reg,bagging_temperature,random_strength,border_count
561,0.04821056789811246,4,6.376387908246248,0.4423867363623349,0.8484121491781282,194
