{
  "disease": "hypertension",
  "label_policy": "screening_risk",
  "feature_set": "x1_service_runtime",
  "data_version": "x1_service_runtime_hypertension_hn13_24_screening",
  "rows": 86526,
  "positive_count": 36010,
  "negative_count": 50516,
  "positive_rate": 0.4161754848253704,
  "service_policy_allowed": false,
  "threshold_metrics": {
    "threshold": 0.45,
    "precision": 0.660996044741207,
    "recall": 0.8632046653707304,
    "f1": 0.748687316344718,
    "f2": 0.8134361948227314,
    "roc_auc": 0.8545876163656161,
    "pr_auc": 0.7832272016217092,
    "brier": 0.15646366118827953,
    "ece": 0.05082235307579995,
    "tn": 34574,
    "fp": 15942,
    "fn": 4926,
    "tp": 31084
  },
  "threshold_0_5_metrics": {
    "threshold": 0.5,
    "precision": 0.6798808901416135,
    "recall": 0.8306026103860039,
    "f1": 0.747721960426484,
    "f2": 0.795339116006233,
    "roc_auc": 0.8545876163656161,
    "pr_auc": 0.7832272016217092,
    "brier": 0.15646366118827953,
    "ece": 0.05082235307579995,
    "tn": 36433,
    "fp": 14083,
    "fn": 6100,
    "tp": 29910
  },
  "gray_zone_metrics": {
    "low_threshold": 0.35,
    "high_threshold": 0.65,
    "low_rate": 0.3908651734738691,
    "gray_rate": 0.23158357025633913,
    "high_rate": 0.37755125626979175,
    "low_npv": 0.9076877587226493,
    "high_precision": 0.7449185747520509,
    "high_recall": 0.6757845043043599,
    "gray_positive_rate": 0.42683900588881124
  },
  "folds": [
    {
      "fold": 1,
      "threshold": 0.45,
      "precision": 0.6590909090909091,
      "recall": 0.8576784226603721,
      "f1": 0.7453843369132376,
      "f2": 0.8089313776846516,
      "roc_auc": 0.8505734405504056,
      "pr_auc": 0.7766801297664783,
      "brier": 0.15834184936638768,
      "ece": 0.04863031666780892,
      "tn": 6909,
      "fp": 3195,
      "fn": 1025,
      "tp": 6177
    },
    {
      "fold": 2,
      "threshold": 0.45,
      "precision": 0.6609501491265445,
      "recall": 0.8615662316023327,
      "f1": 0.7480409885473177,
      "f2": 0.8122578280448215,
      "roc_auc": 0.8540356667342754,
      "pr_auc": 0.7831058269032867,
      "brier": 0.15687804730387692,
      "ece": 0.05235585473508636,
      "tn": 6920,
      "fp": 3183,
      "fn": 997,
      "tp": 6205
    },
    {
      "fold": 3,
      "threshold": 0.45,
      "precision": 0.6610205603494194,
      "recall": 0.8615662316023327,
      "f1": 0.7480860811381036,
      "f2": 0.8122790941222673,
      "roc_auc": 0.8551087571960485,
      "pr_auc": 0.7870772909905019,
      "brier": 0.1563790593630231,
      "ece": 0.0512796379940343,
      "tn": 6921,
      "fp": 3182,
      "fn": 997,
      "tp": 6205
    },
    {
      "fold": 4,
      "threshold": 0.45,
      "precision": 0.6560919055649241,
      "recall": 0.8643432379894473,
      "f1": 0.7459556620730977,
      "f2": 0.812748067683309,
      "roc_auc": 0.8539252104325173,
      "pr_auc": 0.7831990914411657,
      "brier": 0.15716336588348404,
      "ece": 0.0521056659004872,
      "tn": 6840,
      "fp": 3263,
      "fn": 977,
      "tp": 6225
    },
    {
      "fold": 5,
      "threshold": 0.45,
      "precision": 0.6678734959003301,
      "recall": 0.8708692029991669,
      "f1": 0.7559814379557644,
      "f2": 0.820963899578523,
      "roc_auc": 0.8594317532470264,
      "pr_auc": 0.7870276624170627,
      "brier": 0.15355587549020375,
      "ece": 0.0497404167522798,
      "tn": 6984,
      "fp": 3119,
      "fn": 930,
      "tp": 6272
    }
  ],
  "feature_importance": [
    {
      "feature": "나이",
      "importance": 40.7479275066734
    },
    {
      "feature": "BMI",
      "importance": 11.83959493025843
    },
    {
      "feature": "키",
      "importance": 7.749077212920682
    },
    {
      "feature": "고혈압가족력_부",
      "importance": 7.543601481064404
    },
    {
      "feature": "체중",
      "importance": 6.973786434096034
    },
    {
      "feature": "성별",
      "importance": 5.436396261433439
    },
    {
      "feature": "음주빈도",
      "importance": 4.041257928419001
    },
    {
      "feature": "음주량",
      "importance": 3.230308235009935
    },
    {
      "feature": "고지혈증가족력_부",
      "importance": 3.208841168902918
    },
    {
      "feature": "당뇨가족력_부",
      "importance": 2.6708719663914584
    },
    {
      "feature": "현재흡연",
      "importance": 1.576033858151381
    },
    {
      "feature": "근력운동일수",
      "importance": 1.3908241033615005
    },
    {
      "feature": "걷기일수",
      "importance": 0.9909727834288506
    },
    {
      "feature": "직업_무직",
      "importance": 0.8784572752002198
    },
    {
      "feature": "직업_관리전문",
      "importance": 0.3762091467248793
    },
    {
      "feature": "직업_주부학생",
      "importance": 0.3562040458119731
    },
    {
      "feature": "직업_기능노무",
      "importance": 0.2846013062394438
    },
    {
      "feature": "직업_농림어업",
      "importance": 0.25848230889600166
    },
    {
      "feature": "직업_서비스판매",
      "importance": 0.22953144593331629
    },
    {
      "feature": "직업_사무",
      "importance": 0.19502721546375004
    },
    {
      "feature": "직업_작업미상",
      "importance": 0.02199338561899859
    },
    {
      "feature": "고혈압가족력_모",
      "importance": 0.0
    },
    {
      "feature": "고혈압가족력_형제",
      "importance": 0.0
    },
    {
      "feature": "고지혈증가족력_모",
      "importance": 0.0
    },
    {
      "feature": "고지혈증가족력_형제",
      "importance": 0.0
    },
    {
      "feature": "당뇨가족력_모",
      "importance": 0.0
    },
    {
      "feature": "당뇨가족력_형제",
      "importance": 0.0
    }
  ],
  "duration_sec": 14.1561
}