{
  "iterations": 427,
  "learning_rate": 0.02884897588823726,
  "depth": 5,
  "loss_function": "Logloss",
  "eval_metric": "AUC",
  "early_stopping_rounds": 50,
  "random_seed": 42,
  "verbose": false,
  "allow_writing_files": false,
  "l2_leaf_reg": 4.504403807882317,
  "bagging_temperature": 0.16590134861646655,
  "random_strength": 0.9331797514790412,
  "class_weights": [
    1.0,
    2.490304709141274
  ]
}