{
  "strategy": "recall_min_f1",
  "threshold": 0.45,
  "recall_min": 0.86,
  "oof_f1": 0.6078513551271305,
  "oof_recall": 0.8609022556390977,
  "oof_precision": 0.4697689483912762
}